connection node_2;
connection node_1;
connection node_1;
CREATE TABLE p (id INT UNSIGNED PRIMARY KEY AUTO_INCREMENT) ENGINE = InnoDB;
CREATE TABLE c (id INT UNSIGNED PRIMARY KEY AUTO_INCREMENT, pid INT UNSIGNED, bitmap TINYINT UNSIGNED NOT NULL DEFAULT 0, bitmap5 TINYINT UNSIGNED GENERATED ALWAYS AS (bitmap&(1<<5)) VIRTUAL, FOREIGN KEY (pid) REFERENCES p (id) ON DELETE CASCADE ON UPDATE CASCADE);
CREATE INDEX bitmap5 ON c(bitmap5) USING BTREE;
INSERT INTO p VALUES(1);
INSERT INTO c(pid) VALUES(1);
connection node_2;
connection node_1;
DELETE FROM p WHERE id=1;
SELECT * FROM p;
id
SELECT * FROM c;
id	pid	bitmap	bitmap5
connection node_2;
connection node_1;
DROP TABLE c;
DROP TABLE p;
CREATE TABLE t (a INT,b INT,c INT,d INT,e INT,f INT GENERATED ALWAYS AS (a+b)VIRTUAL,g INT,h BLOB,i INT,UNIQUE KEY(d,h));
INSERT INTO t (a,b)VALUES(0,0), (0,0), (0,0), (0,0), (0,0);
SELECT * FROM t;
a	b	c	d	e	f	g	h	i
0	0	NULL	NULL	NULL	0	NULL	NULL	NULL
0	0	NULL	NULL	NULL	0	NULL	NULL	NULL
0	0	NULL	NULL	NULL	0	NULL	NULL	NULL
0	0	NULL	NULL	NULL	0	NULL	NULL	NULL
0	0	NULL	NULL	NULL	0	NULL	NULL	NULL
connection node_2;
SELECT * FROM t;
a	b	c	d	e	f	g	h	i
0	0	NULL	NULL	NULL	0	NULL	NULL	NULL
0	0	NULL	NULL	NULL	0	NULL	NULL	NULL
0	0	NULL	NULL	NULL	0	NULL	NULL	NULL
0	0	NULL	NULL	NULL	0	NULL	NULL	NULL
0	0	NULL	NULL	NULL	0	NULL	NULL	NULL
connection node_1;
DROP TABLE t;
